1,Bamboo Cutting Board,13.22,Doce,Male,102.124.126.46
2,Strawberry Fruit Spread,26.94,Combos. Saudáveis,Male,67.250.77.106
3,Grapes (red),44.37,Bebida,Male,217.17.148.203
4,Tactical Backpack,84.98,Bebida,Female,229.216.18.153
5,Cranberry Almond Granola,38.56,Salgado,Female,200.138.153.182
6,Basketball,9.98,Bebida,Female,13.22.190.76
7,Lemon Dill Salmon,91.45,Doce,Agender,245.75.128.248
8,Home Brewing Starter Kit,58.76,Doce,Male,29.103.92.124
9,Garlic Herb Seasoning,87.64,Doce,Female,59.218.59.83
10,Wireless Earbuds Case,48.17,Bebida,Non-binary,243.90.43.81
11,Frozen Berry Medley,76.99,Doce,Male,171.64.244.204
12,Portable Charger with Solar Panel,92.75,Congelados,Bigender,77.141.209.186
13,Jump Rope with Counter,79.08,Doce,Male,200.82.27.46
14,USB Desk Fan,60.14,Bebida,Male,32.226.11.77
15,Kettle BBQ Grill,48.31,Combos. Saudáveis,Male,166.31.38.239
16,Wireless HDMI Receiver,61.04,Doce,Male,24.95.255.0
17,High-Speed Hand Blender,78.96,Bebida,Male,87.169.155.250
18,Peach Slices in Syrup,37.17,Congelados,Male,231.186.165.209
19,Non-Stick Grill Pan,41.12,Doce,Female,118.82.149.239
20,Coconut Water,29.26,Doce,Female,148.196.103.247
21,Ceramic Knife Set,11.15,Bebida,Female,28.134.103.161
22,Kids' Educational Tablet,79.59,Bebida,Female,69.199.159.143
23,Beef Chili,69.06,Congelados,Female,15.241.239.21
24,Sweet Potatoes (organic),97.72,Bebida,Female,14.134.53.121
25,Habanero Hot Sauce,77.67,Congelados,Female,119.142.50.101
26,Frozen Hash Browns,12.48,Congelados,Female,197.179.25.159
27,Brown Sugar,62.94,Doce,Male,209.70.217.113
28,Sour Cream,65.54,Congelados,Female,175.78.215.209
29,Sea Salt Tortilla Chips,93.79,Combos. Saudáveis,Male,220.171.20.124
30,Kids' STEM Robotics Kit,30.01,Salgado,Female,217.175.21.52
31,Cereal Dispenser with Portion Control,64.36,Combos. Saudáveis,Female,219.73.148.15
32,Compact Refrigerator,7.97,Combos. Saudáveis,Male,51.73.25.25
33,Peanut Butter Pretzel Bites,13.08,Congelados,Male,91.65.250.25
34,Portable Air Conditioner,99.91,Combos. Saudáveis,Male,35.107.236.103
35,Sporty Slide Sandals,84.16,Bebida,Male,174.51.212.197
36,Cinnamon Sugar Mix,35.81,Congelados,Male,213.145.247.39
37,Classic Black Dress,69.14,Combos. Saudáveis,Male,105.209.249.6
38,Adjustable Kitchen Broom Stand,32.36,Bebida,Agender,103.71.96.242
39,Noise Cancelling Ear Muffs,12.99,Salgado,Genderqueer,59.178.254.196
40,Butternut Squash Soup,27.32,Bebida,Female,68.195.203.210
41,Reusable Silicone Food Storage Bags,21.38,Doce,Male,36.171.183.182
42,Premium Flashlight,16.53,Doce,Male,183.213.200.254
43,Chocolate Avocado Pudding,72.04,Congelados,Genderqueer,249.253.5.3
44,Caribbean Jerk Marinade,57.25,Salgado,Male,201.16.108.243
45,Window Bird Feeder,32.09,Doce,Male,142.102.201.175
46,Smart Light Switch,36.52,Congelados,Female,97.227.174.45
47,Window Blinds,15.94,Doce,Male,88.175.106.236
48,Beef Stew Meat,31.44,Doce,Female,145.250.14.198
49,Maple Glazed Carrots,75.48,Bebida,Female,9.69.233.238
50,Electric Food Slicer,36.21,Salgado,Male,64.238.13.228
51,Smart Water Bottle with Hydration Reminder,57.27,Congelados,Female,239.143.122.134
52,Camera Tripod,49.31,Salgado,Female,192.190.191.234
53,Coconut Curry Chicken,33.28,Salgado,Female,233.79.227.226
54,Screen Cleaning Kit,30.07,Salgado,Male,20.13.167.211
55,Saffron Rice Mix,28.09,Doce,Female,144.9.178.214
56,Woven Storage Baskets,80.0,Bebida,Male,214.216.43.148
57,Tomato Paste,34.73,Salgado,Female,42.128.24.225
58,Smart Doorbell,99.19,Bebida,Female,250.206.252.35
59,Honey Garlic Sauce,22.99,Salgado,Male,6.240.126.125
60,Incense Holder,17.17,Combos. Saudáveis,Genderqueer,107.17.138.100
61,Portable Blender,89.71,Doce,Female,187.131.19.82
62,Portable Massage Gun,47.61,Combos. Saudáveis,Male,208.20.206.154
63,Motion Sensor Light,26.0,Bebida,Male,108.99.75.204
64,Tofu,86.67,Combos. Saudáveis,Female,110.236.29.159
65,Infrared Thermometer Gun,76.6,Bebida,Female,178.120.150.121
66,Chocolate Mint Cookies,69.36,Combos. Saudáveis,Female,138.181.3.244
67,Protein Pancake Mix,29.82,Congelados,Female,49.48.166.202
68,Green Tea Matcha Powder,50.71,Congelados,Male,207.144.87.128
69,Pumpkin Ice Cream,92.26,Bebida,Male,198.72.1.93
70,Lemon Herb Chicken,13.15,Salgado,Male,192.48.235.72
71,Sriracha Chili Sauce,80.24,Combos. Saudáveis,Male,122.191.229.158
72,Electric Butter Churn,98.05,Salgado,Female,224.130.82.133
73,Lemonade Mix,19.3,Congelados,Male,189.6.72.55
74,Cordless Electric Screwdriver,6.63,Doce,Female,218.194.9.116
75,Desk Organizer Set,20.54,Bebida,Male,156.96.211.144
76,Bamboo Toothbrush Holder,14.63,Doce,Male,141.214.100.171
77,Luxury Yoga Mat,48.28,Combos. Saudáveis,Male,57.202.149.52
78,Stainless Steel Cutlery Set,13.24,Doce,Male,94.62.77.10
79,Electric Griddle with Removable Plates,45.4,Combos. Saudáveis,Male,38.125.20.120
80,Strawberry Banana Smoothie Pack,16.6,Salgado,Male,219.77.81.251
81,Roasted Garlic Mashed Potatoes,82.88,Congelados,Female,68.23.128.23
82,Pineapple Rings,82.23,Bebida,Male,41.22.235.21
83,Beet Salad,49.23,Salgado,Male,208.122.219.33
84,French Onion Dip,8.03,Bebida,Male,123.178.93.252
85,Compact Dishwasher,86.67,Congelados,Female,136.184.89.180
86,Herb Seasoned Croutons,32.14,Combos. Saudáveis,Male,117.175.187.216
87,Peach Mango Smoothie Mix,66.63,Doce,Male,88.95.217.119
88,Sriracha Sauce,88.2,Salgado,Male,151.61.151.242
89,Cabbage Slaw Mix,47.83,Congelados,Male,84.125.201.169
90,Ice Pack,55.03,Bebida,Male,212.85.178.129
91,Body Pillow Case,45.7,Combos. Saudáveis,Male,60.123.77.103
92,Repair Tool Set for Home Improvement,70.77,Bebida,Female,238.227.59.87
93,Coconut Curry Sauce,64.05,Salgado,Male,29.248.20.185
94,Sturdy Bookends,31.48,Combos. Saudáveis,Female,61.164.53.200
95,Artisan Pickles,75.09,Combos. Saudáveis,Female,35.187.202.2
96,Manual Coffee Grinder,43.82,Combos. Saudáveis,Male,67.142.48.123
97,Crew Neck Sweater,87.83,Combos. Saudáveis,Female,163.21.55.196
98,Smart Light Bulbs,67.68,Doce,Female,158.17.25.105
99,Greek Yogurt,73.68,Congelados,Male,5.112.175.159
100,Bamboo Memory Foam Pillow,56.6,Doce,Male,236.189.122.161
101,Striped Long Sleeve Shirt,6.99,Salgado,Male,114.60.25.108
102,Bamboo Utensil Holder,45.57,Salgado,Female,246.184.104.166
103,Frozen Berry Medley,66.41,Congelados,Male,74.204.75.102
104,Trail Mix (Deluxe),33.84,Salgado,Male,161.152.93.237
105,Multi-Cooker,35.97,Salgado,Male,67.209.114.43
106,Spinach Feta Wraps,42.63,Doce,Female,225.62.189.168
107,Collapsible Water Bottle,96.77,Congelados,Male,255.238.186.173
108,Whisk Set,25.54,Doce,Female,55.66.244.135
109,Smart Water Bottle,91.72,Combos. Saudáveis,Male,237.164.247.135
110,Electric Butter Churn,43.46,Doce,Female,169.97.50.69
111,Sriracha Honey Glaze,46.17,Congelados,Male,207.121.25.246
112,Crew Neck Sweater,83.07,Salgado,Male,76.207.37.73
113,Printed Maxi Skirt,53.75,Congelados,Male,84.240.33.194
114,Vegetarian Pizza,45.09,Congelados,Genderfluid,24.94.218.65
115,Classic Chicken Noodle Soup,78.09,Congelados,Genderfluid,4.49.36.217
116,Pumpkin Spice Muffins,95.29,Combos. Saudáveis,Female,18.155.246.150
117,Key Finder,90.75,Congelados,Male,44.112.45.218
118,Robot Vacuum Cleaner,70.14,Congelados,Male,112.207.211.150
119,Pumpkin Ice Cream,29.4,Doce,Male,125.179.178.102
120,Tattoo Kit,43.49,Congelados,Female,252.111.66.79
121,Coconut Milk Yogurt,60.68,Salgado,Male,230.250.109.179
122,Zucchini Noodles,35.24,Salgado,Male,91.124.30.211
123,Bluetooth Car Adapter,70.65,Congelados,Male,170.212.150.203
124,Video Camera,14.26,Congelados,Female,97.59.117.102
125,Home Delivery Food Journal,57.76,Congelados,Male,227.31.171.215
126,Chocolate Mint Cookies,18.54,Salgado,Male,143.80.97.131
127,Almond Flour Biscuits,19.25,Bebida,Genderqueer,235.209.84.158
128,Almond Flour Cookies,99.88,Bebida,Female,60.139.171.165
129,Maple Pecan Granola,83.62,Congelados,Female,9.79.182.7
130,Asian Stir-Fry Vegetables,43.86,Congelados,Male,113.44.3.13
131,Essential White Button-Up,82.53,Bebida,Female,154.195.51.86
132,Outdoor Camping Lantern,10.33,Bebida,Bigender,95.248.150.25
133,Wooden Children's Play Kitchen,36.05,Salgado,Male,79.152.205.67
134,Organic Quinoa Salad,37.78,Doce,Agender,216.82.93.227
135,Tomato Basil Soup,32.78,Doce,Female,91.182.96.172
136,Electric Screwdriver,96.58,Salgado,Female,117.225.253.237
137,Buffalo Chicken Wraps,11.73,Doce,Male,161.62.99.205
138,Classic BBQ Sauce,29.82,Combos. Saudáveis,Female,37.49.73.23
139,Outdoor Camping Lantern,41.26,Salgado,Male,74.78.238.78
140,Spinach and Cheese Stuffed Shells,81.23,Bebida,Female,14.197.151.26
141,Cilantro Lime Rice,93.57,Salgado,Genderqueer,119.71.43.192
142,Tuna Fish (canned),93.52,Combos. Saudáveis,Male,144.195.133.199
143,Electric Griddle,76.57,Salgado,Male,132.30.9.82
144,Reflective Safety Vest,53.41,Salgado,Male,252.239.134.36
145,Electric Kettle with Temperature Control,72.38,Combos. Saudáveis,Genderqueer,117.68.178.138
146,Magnetic Phone Case,68.64,Combos. Saudáveis,Male,50.241.143.218
147,Silicone Baking Mat,13.36,Salgado,Female,253.22.10.30
148,Portable Solar Charger,91.1,Bebida,Male,31.246.34.26
149,Spinach and Cheese Stuffed Shells,12.61,Congelados,Genderfluid,199.125.2.253
150,Magnet Travel Fridge Magnets,59.7,Doce,Male,166.127.57.179
151,Adjustable Skipping Rope,24.5,Congelados,Female,98.237.190.189
152,Mango Chia Pudding,17.53,Salgado,Female,140.240.143.127
153,Organic Granola,9.46,Salgado,Female,53.107.108.248
154,Portable Pet Stroller,96.64,Doce,Female,137.125.71.184
155,Wireless Gaming Headset,68.83,Salgado,Female,16.75.193.186
156,Reusable Produce Bags Set,20.8,Bebida,Female,138.45.240.32
157,Kids' Activity Book,98.32,Congelados,Male,170.189.15.12
158,Essential Oil Diffuser,96.27,Doce,Female,113.139.135.19
159,Pumpkin Spice Pancake Mix,62.12,Doce,Male,3.31.126.118
160,Peach Green Tea,83.63,Combos. Saudáveis,Male,183.105.213.109
161,Running Shorts,91.33,Doce,Female,140.220.15.98
162,Chocolate Mint Cookies,45.94,Combos. Saudáveis,Female,118.236.247.182
163,Cacao Nibs,68.96,Bebida,Male,136.74.10.19
164,Peas (frozen),13.04,Doce,Male,65.171.186.56
165,Bamboo Cutting Board Set,19.89,Bebida,Male,44.215.184.190
166,Travel Jewelry Organizer,89.31,Combos. Saudáveis,Polygender,156.177.93.146
167,Baking Soda,33.78,Bebida,Female,18.131.234.66
168,Banana Chips,48.03,Salgado,Male,0.124.118.63
169,Whole Wheat Pasta,53.18,Combos. Saudáveis,Male,150.110.227.23
170,Smart Scale,70.0,Bebida,Female,204.247.9.79
171,Kid's Fruit Snacks,34.26,Salgado,Female,96.249.22.216
172,Teriyaki Tofu Stir-Fry,64.74,Doce,Female,116.177.125.45
173,Garden Hose,18.05,Doce,Female,122.147.238.120
174,Zucchini Noodle Pasta,51.79,Congelados,Genderfluid,222.237.102.200
175,Window Blinds,96.43,Bebida,Female,120.194.218.4
176,Phone Screen Protector,42.45,Congelados,Male,217.172.194.224
177,Cotton Pajama Set,7.46,Bebida,Male,178.135.233.61
178,Wireless Car Charger,74.76,Doce,Female,194.17.38.250
179,Reusable Snack Bags,75.58,Doce,Male,20.128.236.144
180,Baking Powder,24.47,Congelados,Male,45.17.183.18
181,Children's Backpack,80.21,Salgado,Male,75.96.171.7
182,Travel Eye Mask with Ear Plugs,20.62,Doce,Female,34.103.128.105
183,Dish Rack,81.84,Bebida,Male,103.214.82.240
184,Greek Yogurt Parfait,53.98,Doce,Male,51.180.136.90
185,Cinnamon Sugar Mix,24.14,Bebida,Male,189.151.51.182
186,Kale Salad with Lemon Dressing,94.93,Combos. Saudáveis,Male,173.217.80.240
187,Coconut Bowls Set,5.06,Doce,Male,222.250.136.66
188,DIY Candle Making Kit,62.44,Bebida,Female,8.127.29.207
189,Garlic and Herb Rub,98.34,Doce,Agender,223.145.247.241
190,BBQ Sauce,89.67,Salgado,Female,46.168.77.56
191,Portable Water Filter,57.07,Salgado,Female,114.101.190.207
192,DIY Lip Balm Making Kit,5.67,Salgado,Male,177.157.200.172
193,Smart Doorbell,56.25,Congelados,Male,0.18.112.159
194,Scent Diffuser,95.23,Salgado,Female,25.45.55.75
195,Sweet and Sour Sauce,8.63,Bebida,Female,247.86.196.229
196,Chocolate Fudge Brownie Mix,7.53,Doce,Agender,216.16.219.16
197,Pet Camera with Treat Dispenser,83.76,Combos. Saudáveis,Male,66.201.15.239
198,Organic Black Bean Burger,98.53,Doce,Male,108.136.60.161
199,Board Game,78.21,Combos. Saudáveis,Male,88.21.72.129
200,Buttermilk Pancakes,51.79,Bebida,Male,250.23.38.38
201,Smartphone Stand,32.13,Doce,Female,24.164.43.206
202,Coconut Curry Lentil Soup,52.2,Doce,Female,25.17.155.224
203,Wild Rice & Quinoa Mix,22.67,Combos. Saudáveis,Male,30.92.118.174
204,Feta Cheese,19.13,Congelados,Male,116.128.213.204
205,Buffalo Cauliflower Wings,73.38,Combos. Saudáveis,Male,231.53.20.193
206,Children's Garden Tool Set,96.62,Salgado,Male,150.117.7.218
207,Rechargeable Hand Warmer,83.71,Combos. Saudáveis,Male,20.200.70.134
208,Artisan Bread,93.93,Congelados,Male,223.74.76.238
209,Compact Electric Kettle,8.04,Salgado,Female,209.254.239.4
210,Sweet Potato Mash,19.87,Combos. Saudáveis,Male,65.90.169.221
211,Smartphone Tripod with Remote,46.69,Salgado,Female,71.57.215.41
212,Sriracha Hot Chili Sauce,63.96,Combos. Saudáveis,Male,17.224.164.78
213,Spinach and Ricotta Ravioli,38.91,Doce,Female,251.176.85.53
214,Cheddar Cheese Crackers,67.3,Salgado,Male,91.134.119.177
215,Chicken Parmesan Dinner Kit,16.74,Bebida,Male,105.177.228.52
216,Organic Fruit Salad,74.52,Combos. Saudáveis,Male,137.125.203.157
217,Dog Collar,16.9,Doce,Female,50.111.99.214
218,LED Christmas Tree Lights,71.04,Bebida,Genderqueer,60.221.103.132
219,Educational STEM Kit,98.08,Doce,Male,33.93.217.42
220,Eco-Friendly Yoga Blocks,50.9,Combos. Saudáveis,Male,180.214.186.143
221,Asian Salad Mix,62.04,Bebida,Male,153.179.20.168
222,Elderberry Syrup Kit,49.7,Salgado,Female,54.235.128.143
223,Frozen Acai Purée,24.55,Combos. Saudáveis,Female,55.232.104.166
224,Camping Chair with Cooler,41.33,Bebida,Male,60.67.97.188
225,Teriyaki Stir-Fry Sauce,32.66,Salgado,Male,92.95.123.180
226,Bamboo Memory Foam Pillow,20.1,Salgado,Male,129.191.41.60
227,Biodegradable Phone Case,85.94,Doce,Male,8.23.26.52
228,Fitness Foam Roller,15.29,Salgado,Male,173.210.42.13
229,Desk Organizer Set,64.36,Combos. Saudáveis,Female,245.88.116.205
230,Kids' Crafting Station,80.74,Doce,Female,78.16.111.75
231,Smartphone Gimbal,39.78,Doce,Female,4.115.164.86
232,Portable Speakers,22.8,Combos. Saudáveis,Male,69.188.176.227
233,Smart WiFi Plug,8.84,Salgado,Male,42.246.143.242
234,Vegan Mayonnaise,52.47,Congelados,Female,14.231.0.127
235,Folding Pocket Knife,83.95,Congelados,Male,233.191.208.0
236,Mediterranean Couscous,21.07,Salgado,Male,152.216.210.216
237,Foldable Picnic Table,65.54,Doce,Male,31.4.121.80
238,Motorcycle Phone Mount,40.97,Salgado,Female,185.25.43.239
239,Electric Toothbrush Holder,28.1,Congelados,Polygender,126.211.166.10
240,Fitness Tracker Band,95.47,Bebida,Female,100.119.45.139
241,Multifunctional Baby Bottle Warmer,38.18,Combos. Saudáveis,Male,99.243.66.216
242,Organic Black Beans,51.6,Combos. Saudáveis,Female,142.226.13.228
243,Travel Size Toiletry Bottles,16.58,Salgado,Male,42.98.228.247
244,Tuscan Bean Soup,57.26,Bebida,Male,7.246.39.206
245,Tahini,32.79,Combos. Saudáveis,Male,87.157.36.119
246,Miso Dressing,63.49,Doce,Genderqueer,200.12.37.41
247,Frozen Salmon Filets,38.04,Salgado,Male,95.138.167.192
248,Customizable Photo Calendar,78.71,Doce,Male,187.191.230.177
249,Wireless Charging Station,50.28,Salgado,Male,16.108.44.41
250,Dual Function Electric Skillet,11.62,Doce,Female,48.176.153.62
251,Portable Speaker Stand,22.73,Salgado,Male,72.151.10.222
252,Kids' Learning Tablet,17.84,Salgado,Male,213.172.236.28
253,Magic Color-Changing Mug,14.31,Bebida,Male,219.128.25.28
254,Bamboo Utensil Holder,33.39,Salgado,Female,172.217.251.79
255,Mesh Laundry Bags Set,81.27,Doce,Female,23.219.134.52
256,Winter Insulated Jacket,38.56,Bebida,Male,231.230.131.227
257,Cable Knit Beanie,90.14,Salgado,Agender,252.115.31.146
258,Garlic Herb Grilled Chicken,14.71,Bebida,Male,36.164.173.219
259,Laptop Sleeve,10.07,Salgado,Female,124.27.32.101
260,Desk Lamp with USB Port,73.26,Combos. Saudáveis,Male,44.87.37.17
261,Bamboo Toothbrush,79.42,Bebida,Female,103.21.182.26
262,Garden Kneeler and Seat,8.48,Bebida,Female,176.187.43.144
263,First Aid Kit,90.93,Doce,Female,207.98.217.246
264,Grilled Vegetable Medley,46.6,Doce,Female,227.246.42.211
265,Beef Sirloin Steak,94.7,Combos. Saudáveis,Female,15.164.54.190
266,Chicken Sausage,8.83,Combos. Saudáveis,Female,108.168.93.47
267,Vegetable Fried Rice,49.45,Doce,Female,187.54.208.191
268,Travel Makeup Organizer,60.82,Doce,Female,54.128.132.199
269,Garlic Naan Bread,64.81,Combos. Saudáveis,Male,239.172.19.175
270,Thai Peanut Dressing,26.81,Combos. Saudáveis,Male,47.111.83.171
271,Adjustable Yoga Mat Strap,46.43,Salgado,Female,214.130.60.175
272,Outdoor Sports Backpack,39.05,Doce,Female,117.89.159.252
273,Wireless Range Extender,82.92,Congelados,Female,86.154.115.55
274,Kids' Educational Tablet,50.5,Doce,Male,33.245.248.15
275,Classic Caesar Salad Kit,54.79,Doce,Female,94.115.113.47
276,Self-Massaging Pillow,24.48,Bebida,Female,79.252.82.79
277,Cheesy Cauliflower Bake,38.77,Doce,Female,210.180.47.185
278,Electric Heat Pad,54.78,Combos. Saudáveis,Male,239.1.227.124
279,Handheld Garment Steamer,92.47,Doce,Genderqueer,15.70.238.196
280,Organic Cucumber,36.88,Doce,Female,113.12.20.125
281,Creamy Spinach Dip,6.54,Bebida,Female,169.179.130.104
282,Hibiscus Tea Bags,22.76,Doce,Female,20.77.101.66
283,Weighted Jump Rope,77.52,Bebida,Female,16.159.124.82
284,Customizable Photo Calendar,37.59,Doce,Female,33.43.101.55
285,Fitness Jump Rope with LCD Counter,66.98,Salgado,Female,136.112.102.246
286,Ginger Tea,49.09,Congelados,Female,119.41.150.103
287,Matcha Green Tea Powder,73.97,Doce,Male,88.34.200.72
288,Smart Fitness Scale,39.89,Congelados,Male,33.252.214.206
289,Honey Ginger Tea,13.44,Combos. Saudáveis,Male,120.182.159.104
290,Buffalo Cauliflower Bites,89.16,Doce,Male,7.44.86.105
291,Pet Hair Remover,27.08,Bebida,Male,29.154.102.174
292,BBQ Jackfruit,74.24,Doce,Female,145.193.128.221
293,Natural Fruit Snacks,68.29,Doce,Female,243.130.23.150
294,Sweet Pea Hummus,8.62,Doce,Male,232.131.111.138
295,Workstation Laptop Stand,76.65,Bebida,Female,184.74.206.165
296,Italian Sausage Links,18.57,Salgado,Bigender,238.101.199.30
297,Jennifer's Amazing Lip Balm Kit,16.13,Bebida,Male,11.80.191.20
298,Honey Roasted Almonds,10.38,Salgado,Male,48.134.242.115
299,Smartphone Photography Ring Light,78.72,Bebida,Female,119.63.107.199
300,Outdoor Mosquito Repellent Lantern,55.34,Combos. Saudáveis,Female,83.101.7.186
301,Travel Pillow with Memory Foam,47.87,Doce,Female,181.202.209.41
302,Cranberry Citrus Sauce,19.27,Doce,Male,218.235.169.125
303,Foldable Electric Scooter,24.46,Combos. Saudáveis,Male,117.165.45.226
304,Car Trash Can,15.64,Bebida,Female,191.141.133.60
305,Electric Rice Cooker with Steamer,45.68,Congelados,Female,40.95.215.250
306,Puff Pastry,84.05,Doce,Female,182.66.189.13
307,Ginger Tea,60.94,Bebida,Male,121.54.40.238
308,Foldable Yoga Mat Carry Bag,23.74,Bebida,Genderfluid,254.139.193.143
309,Wire Shelving Unit,75.65,Salgado,Female,149.159.84.200
310,Mini Pretzels,40.64,Bebida,Male,100.119.111.220
311,Set of Herb Garden Markers,59.35,Salgado,Female,6.246.206.118
312,Self-Cleaning Water Bottle,79.71,Bebida,Female,98.31.6.194
313,Rechargeable Electric Screwdriver,63.39,Combos. Saudáveis,Male,249.219.59.224
314,Vegetarian Pizza,50.71,Salgado,Female,197.151.16.102
315,Kettle BBQ Grill,60.6,Salgado,Female,185.207.141.163
316,Self-Watering Planter,22.2,Salgado,Female,19.154.94.41
317,Portable Air Compressor,18.65,Salgado,Male,48.181.248.85
318,Applewood Smoked Bacon,5.94,Doce,Male,125.41.85.117
319,Organic Black Rice,27.47,Congelados,Male,2.108.59.242
320,Peas (frozen),14.6,Doce,Female,130.126.156.19
321,Cauliflower Crust Pizza,25.64,Combos. Saudáveis,Female,112.194.84.10
322,Kids' Science Experiment Kit,33.78,Doce,Male,2.251.215.14
323,Chipotle Black Bean Salad,47.56,Combos. Saudáveis,Male,103.166.201.27
324,Pepper Jack Cheese Slices,40.27,Congelados,Female,195.68.76.35
325,Smart Thermostat with Wi-Fi,94.67,Congelados,Female,89.249.167.253
326,Almond Joy Snack Bars,29.4,Doce,Female,120.4.67.235
327,Yoga Mat,60.91,Bebida,Genderqueer,121.49.78.241
328,Flavored Popcorn Mix,20.17,Combos. Saudáveis,Female,93.32.58.186
329,Pet Travel Bed,94.72,Bebida,Male,190.104.216.250
330,Multi-Purpose Scissors,81.76,Congelados,Male,97.116.73.163
331,Fashionable Belt Bag,91.62,Combos. Saudáveis,Female,2.136.5.56
332,Luxury Memory Foam Mattress Topper,71.39,Doce,Male,15.224.209.122
333,Almond Joy Bars,5.35,Combos. Saudáveis,Bigender,182.170.153.78
334,Vegan Mac & Cheese,52.98,Doce,Bigender,165.117.120.245
335,Turmeric Ginger Tea,38.25,Bebida,Male,130.64.253.207
336,Coffee Subscription Service,39.76,Congelados,Male,32.187.38.93
337,DIY Organic Gardening Kit,81.53,Salgado,Male,159.1.33.3
338,Jennifer's Amazing Lip Balm Kit,37.44,Congelados,Male,99.42.244.44
339,Sesame Noodles,58.29,Congelados,Female,36.200.247.78
340,DIY Candle Kit,58.53,Bebida,Female,107.57.97.77
341,Wireless Security System,22.35,Congelados,Male,200.180.113.249
342,Lasagna Noodles,16.63,Doce,Female,199.2.28.179
343,Honey Mustard Sauce,37.33,Congelados,Male,177.0.154.33
344,Kitchen Knife Sharpening System,88.88,Bebida,Female,8.133.51.199
345,Nutritional Yeast,90.56,Combos. Saudáveis,Male,218.194.28.223
346,Desk Organizer Set,98.0,Congelados,Female,40.223.222.3
347,Electric Toothbrush,78.03,Combos. Saudáveis,Male,161.126.95.181
348,Beef Stroganoff Mix,26.43,Combos. Saudáveis,Male,180.114.233.4
349,Pet Safety Harness,54.1,Salgado,Male,199.233.252.43
350,Herb Seasoned Croutons,51.69,Congelados,Female,133.80.236.79
351,Crafting Kit,50.58,Congelados,Male,95.211.210.21
352,Miso Dressing,64.61,Salgado,Male,209.20.191.236
353,Cabbage Slaw Mix,90.82,Bebida,Male,162.68.204.181
354,Coconut Curry Lentil Soup,68.65,Bebida,Female,231.47.114.175
355,Cordless Electric Screwdriver,84.26,Bebida,Female,255.77.100.85
356,Sliced Avocado,80.16,Bebida,Male,171.77.184.243
357,Craft Beer Mustard,19.48,Combos. Saudáveis,Female,116.149.24.44
358,Vegan Tacos,47.74,Congelados,Male,129.25.65.48
359,Blackberry Compote,48.96,Congelados,Female,38.127.244.128
360,Lemon Herb Chicken,48.97,Doce,Male,177.150.39.91
361,Honey,53.9,Salgado,Non-binary,182.33.16.210
362,Gluten-Free Pancake Mix,54.7,Salgado,Female,243.10.17.36
363,Children's Gardening Set,98.74,Salgado,Male,214.134.242.155
364,Peanut Butter Protein Balls,11.43,Salgado,Genderqueer,153.154.67.162
365,Garden Hoses with Expandable Features,83.19,Doce,Non-binary,29.86.48.255
366,Pet Grooming Kit,57.87,Congelados,Male,56.85.233.84
367,Spaghetti and Meatball Dinner Kit,61.2,Congelados,Non-binary,1.250.173.119
368,Outdoor Inflatable Pool,92.32,Doce,Female,8.31.246.123
369,Honey BBQ Ribs,88.17,Congelados,Female,177.161.189.227
370,Raspberry Vanilla Greek Yogurt,34.7,Bebida,Female,67.223.24.16
371,Leather Wallet,64.48,Bebida,Female,239.61.51.171
372,Sliced Cheese,69.31,Combos. Saudáveis,Male,7.242.114.157
373,Non-Stick Baking Sheet,17.72,Bebida,Male,92.42.241.68
374,LED Desk Light,50.06,Combos. Saudáveis,Female,152.58.159.97
375,Mini Hand Gesture Drone,93.26,Bebida,Female,167.87.99.185
376,Energy Bites,53.25,Doce,Male,57.143.126.162
377,Harvest Grain Salad,97.16,Bebida,Female,16.51.224.229
378,Peach & Mango Salsa,61.41,Bebida,Male,104.155.25.7
379,Outdoor Camping Hammock,47.85,Congelados,Female,185.78.4.150
380,Kale Caesar Salad Kit,70.79,Doce,Female,12.125.19.102
381,Chili Powder,90.45,Doce,Female,128.64.150.122
382,Chocolate Syrup,45.84,Bebida,Female,53.195.156.117
383,Pita Bread,47.69,Congelados,Bigender,211.178.236.176
384,Fashionable Fanny Pack,58.62,Doce,Female,124.207.31.20
385,Cranberry Juice,54.26,Salgado,Male,98.172.109.244
386,Smartphone Projector Kit,39.49,Bebida,Male,43.50.222.0
387,Ergonomic Gaming Chair,64.03,Bebida,Female,17.240.104.115
388,Dark Chocolate Tart,45.31,Doce,Male,76.255.213.177
389,Magnet Travel Fridge Magnets,50.43,Combos. Saudáveis,Male,169.163.63.34
390,Backpack,93.43,Doce,Female,233.159.59.221
391,Mini Waffle Maker,58.52,Doce,Female,130.36.221.103
392,Portable Solar Camp Shower,66.28,Bebida,Female,151.180.159.119
393,Frozen Broccoli,80.5,Doce,Female,11.63.80.112
394,Backpack,55.2,Combos. Saudáveis,Male,240.100.32.189
395,Pet Water Fountain with Filtration,22.05,Salgado,Male,94.127.73.124
396,Creative Puzzle Game,99.52,Congelados,Male,203.49.0.42
397,Cordless Water Flosser,28.2,Congelados,Female,191.253.200.192
398,Juice Extractor,47.42,Salgado,Female,43.58.93.92
399,Luminous Night Light,84.16,Salgado,Male,228.38.196.145
400,BBQ Lentil Chips,79.33,Bebida,Male,250.146.38.45
401,Bamboo Toothbrush,36.25,Combos. Saudáveis,Male,165.175.136.76
402,Baking Powder,14.71,Bebida,Male,164.82.194.207
403,Tomatillo Salsa,31.58,Combos. Saudáveis,Female,39.146.201.30
404,Savory Quinoa Pudding,99.05,Bebida,Male,154.130.79.138
405,Red Lentils,95.69,Congelados,Female,132.9.79.138
406,Steak Seasoning Rub,9.12,Bebida,Male,134.49.69.159
407,Pasta (Linguine),14.33,Salgado,Female,157.242.151.24
408,Water-Resistant Bluetooth Speaker,67.26,Combos. Saudáveis,Female,91.115.182.24
409,Home Delivery Food Journal,52.32,Bebida,Female,69.25.210.49
410,Beet Salad,60.24,Doce,Female,238.191.120.227
411,Pepper Jack Cheese Slices,76.4,Combos. Saudáveis,Male,152.148.190.44
412,Pet Grooming Scissors,81.56,Combos. Saudáveis,Genderqueer,90.79.128.225
413,Maple Cinnamon Granola,9.1,Congelados,Male,233.163.37.83
414,Magnetic Phone Car Mount,14.84,Doce,Female,80.29.44.235
415,Reusable Snack Bags,78.56,Salgado,Female,170.3.167.168
416,Almond Crunch Granola Bars,34.98,Congelados,Female,131.157.100.253
417,Trail Mix (Deluxe),93.24,Doce,Male,104.252.240.200
418,Ceramic Non-Stick Frying Pan,57.89,Doce,Female,47.182.180.132
419,Electric Skillet,13.04,Congelados,Female,197.135.103.47
420,Self-Watering Planter,95.65,Salgado,Male,27.244.94.192
421,Home Office Chair,69.51,Combos. Saudáveis,Male,195.211.151.117
422,Freestanding Wine Rack,85.99,Bebida,Female,132.187.219.191
423,Chocolate Protein Powder,96.0,Doce,Male,122.185.240.215
424,Ginger Turmeric Shots,97.47,Combos. Saudáveis,Male,135.248.126.69
425,Stainless Steel BBQ Grill Set,38.37,Salgado,Male,18.64.241.117
426,Gaming Mousepad,57.85,Salgado,Female,132.63.196.29
427,Stainless Steel BBQ Grill Set,21.83,Bebida,Female,158.197.181.250
428,Natural Peanut Butter,47.42,Salgado,Male,46.30.246.131
429,Chic Ankle Strap Heels,53.94,Doce,Male,8.9.150.80
430,Portable Air Conditioner,80.15,Congelados,Male,128.11.166.194
431,Mixed Nuts,39.02,Doce,Male,194.160.198.201
432,Baby Safety Corner Guards,73.86,Doce,Male,75.69.91.122
433,Air Fryer,54.22,Congelados,Male,40.34.85.165
434,Rice Pilaf Mix,26.79,Bebida,Agender,12.199.227.198
435,Pet Bed,29.05,Salgado,Bigender,73.76.221.0
436,Electric Razor,67.03,Salgado,Male,236.21.45.123
437,Herbed Couscous,91.21,Congelados,Male,38.199.169.55
438,Portable Air Compressor,80.46,Bebida,Male,181.98.168.11
439,Adjustable Skipping Rope,72.77,Bebida,Male,105.137.45.134
440,Cauliflower Gnocchi,62.12,Congelados,Male,178.165.79.71
441,Shower Curtain Hooks,53.78,Bebida,Female,223.237.175.100
442,Children's Educational Workbook,19.85,Doce,Male,136.175.198.212
443,Peach Fruit Cups,20.28,Salgado,Male,245.250.233.42
444,Vegetable Spiralizer,68.64,Salgado,Male,3.89.43.58
445,Handcrafted Wooden Coasters,61.84,Doce,Female,95.65.90.63
446,Smart Doorbell,94.5,Congelados,Male,118.101.224.245
447,Dish Soap Dispenser,74.28,Doce,Male,230.130.148.192
448,Teriyaki Beef Jerky,66.53,Doce,Female,131.194.73.193
449,Teriyaki Chicken Wings,95.85,Combos. Saudáveis,Male,165.58.3.75
450,Suction Cup Hooks,34.19,Doce,Female,119.125.110.234
451,Chia Seed Pudding Mix,76.06,Combos. Saudáveis,Male,154.7.122.117
452,Drone,50.66,Congelados,Male,157.225.24.65
453,Pasta Maker Machine,40.47,Congelados,Female,180.43.70.79
454,Tandoori Chicken Skewers,35.92,Congelados,Male,113.220.227.178
455,LED Flashlight with Rechargeable Batteries,6.7,Salgado,Male,227.229.27.220
456,Pet Grooming Scissors,66.71,Bebida,Male,77.5.212.77
457,Fitness Mat,78.12,Congelados,Male,246.197.45.8
458,Chickpea Salad,49.44,Salgado,Male,221.113.219.243
459,Lentil Soup,10.23,Congelados,Male,50.54.62.229
460,Teriyaki Stir-Fry Sauce,99.63,Salgado,Female,47.208.43.175
461,Protein Powder,12.79,Congelados,Female,72.4.3.104
462,Set of Measuring Spoons,85.76,Bebida,Male,56.57.13.112
463,Caramel Sauce,56.67,Congelados,Female,21.35.251.31
464,Chili Powder,32.67,Salgado,Female,183.68.105.152
465,Cinnamon Roll Kit,17.66,Combos. Saudáveis,Female,79.150.198.206
466,Board Game,65.79,Combos. Saudáveis,Male,16.111.241.202
467,Whole Chicken,51.25,Doce,Male,130.235.175.187
468,Honey Mustard Chicken Breasts,8.11,Combos. Saudáveis,Female,67.208.214.27
469,Fettuccine Alfredo Dinner Kit,17.63,Congelados,Male,252.156.21.47
470,Truffle Parmesan Fries,38.34,Bebida,Male,13.17.157.37
471,Yoga Mat,98.51,Congelados,Female,170.230.152.115
472,Cinnamon Roll Protein Bar,66.58,Doce,Polygender,64.191.49.70
473,Coffee Subscription Service,25.42,Doce,Male,234.179.212.225
474,Dog Training Clicker,75.21,Congelados,Female,234.14.254.3
475,Maple Oatmeal,17.16,Congelados,Female,22.170.153.51
476,Screen Cleaning Kit,67.08,Combos. Saudáveis,Male,220.207.179.95
477,Organic Granola,26.87,Combos. Saudáveis,Female,69.198.217.254
478,Pumpkin Spice Muffins,44.58,Combos. Saudáveis,Female,159.184.245.14
479,Tailored Blazer,8.14,Congelados,Male,32.30.118.96
480,Laptop Sleeve,64.75,Congelados,Male,180.195.89.160
481,Mini Hand Gesture Drone,87.03,Combos. Saudáveis,Male,37.253.182.142
482,Inflatable Paddle Board,78.54,Congelados,Male,29.37.24.212
483,Bike Repair Tool Kit,31.13,Bebida,Male,228.30.101.35
484,Children's Gardening Set,40.89,Combos. Saudáveis,Female,149.137.154.226
485,Sweet Potato Tots,90.54,Combos. Saudáveis,Male,23.54.64.28
486,Sliced Turkey Breast,52.62,Salgado,Female,225.170.77.223
487,Safety First Aid Kit,14.69,Bebida,Female,237.34.68.198
488,High-Pressure Handheld Shower Head,52.06,Combos. Saudáveis,Male,224.254.195.71
489,Black Bean Spaghetti,13.36,Doce,Female,189.57.191.57
490,Luxury Bath Salts,34.23,Salgado,Female,211.51.44.136
491,Mediterranean Flatbread,75.29,Doce,Male,226.185.137.120
492,Pet Travel Bowl,57.48,Congelados,Male,63.146.91.161
493,Digital Stopwatch Timer,40.36,Salgado,Male,72.5.160.87
494,Electric Toothbrush Holder,18.03,Congelados,Male,117.104.55.247
495,Gardening Tool Belt,57.37,Combos. Saudáveis,Genderqueer,131.255.248.206
496,Spicy Snack Mix,78.66,Doce,Female,125.76.1.24
497,Bamboo Toothbrush,38.97,Combos. Saudáveis,Female,64.104.185.34
498,Survival Gear Kit,93.48,Congelados,Genderqueer,215.104.9.157
499,Basil Lemonade,71.68,Salgado,Male,110.37.131.66
500,Roasted Garlic Mashed Potatoes,66.48,Doce,Male,228.33.72.116
501,Almond Joy Munch Bars,95.32,Salgado,Male,232.151.61.96
502,Red Lentils,94.06,Bebida,Male,124.53.160.10
503,Electric Wax Warmer,94.82,Bebida,Female,228.60.161.123
504,Chipotle Seasoning Blend,77.72,Congelados,Male,124.34.23.162
505,Garden Hoses with Expandable Features,87.69,Combos. Saudáveis,Male,179.130.27.145
506,Vegetarian Stir Fry Sauce,63.28,Salgado,Female,31.114.85.167
507,Wall-Mounted Spice Rack,54.61,Doce,Male,134.80.163.105
508,Noise-Canceling Headphones,59.33,Combos. Saudáveis,Female,65.251.166.249
509,Ribbed Knit Dress,74.08,Combos. Saudáveis,Female,237.207.96.39
510,Portable Pet Water Bottle,47.14,Congelados,Female,65.234.5.36
511,Creamy Garlic Dressing,19.53,Combos. Saudáveis,Female,170.143.220.33
512,Surimi Crab Sticks,57.68,Combos. Saudáveis,Female,105.86.206.222
513,Smart Thermostat,59.73,Salgado,Male,66.197.247.24
514,Pet Camera with Treat Dispenser,50.08,Bebida,Female,39.205.168.107
515,Cranberry Pecan Granola,98.25,Combos. Saudáveis,Male,30.148.40.67
516,Fall-Themed Table Runner,22.48,Salgado,Female,115.71.100.147
517,Ranch Dressing,81.82,Congelados,Female,96.204.51.65
518,Cheesy Cauliflower Bake,27.96,Bebida,Male,7.185.221.207
519,Bamboo Cutting Board Set,51.59,Doce,Polygender,63.151.218.228
520,Spicy Snack Mix,11.12,Salgado,Male,4.49.18.226
521,Honey Wheat Pretzels,83.26,Doce,Female,236.18.26.69
522,Mango Chutney,82.5,Congelados,Male,177.35.165.64
523,Pepper Jack Cheese Sticks,47.47,Doce,Female,248.209.204.103
524,Nordic Berry Smoothie,55.14,Salgado,Female,11.246.219.44
525,Digital Drawing Tablet,90.42,Doce,Female,82.126.152.128
526,Body Pillow Case,59.35,Bebida,Female,138.120.44.246
527,Desk Lamp with USB Port,23.56,Doce,Male,236.83.142.83
528,Hiking Water Bottle with Filter,15.9,Doce,Female,53.46.139.117
529,Non-Stick Baking Sheet,67.82,Doce,Male,251.73.170.224
530,Rechargeable Laptop Battery Pack,44.93,Bebida,Female,99.220.87.134
531,Deluxe First Aid Kit,37.98,Bebida,Agender,123.60.226.107
532,Garlic Herb Grilled Chicken,56.92,Combos. Saudáveis,Female,80.245.156.1
533,Savory Pumpkin Soup,15.2,Combos. Saudáveis,Female,107.98.217.220
534,Reflective Safety Vest,90.6,Combos. Saudáveis,Female,42.63.214.63
535,Portable Camping Stove,45.05,Combos. Saudáveis,Female,115.146.233.58
536,Ice Cream Scoop,45.97,Bebida,Polygender,96.108.238.19
537,Smartphone Tripod with Bluetooth Remote,96.68,Combos. Saudáveis,Female,141.25.56.106
538,Salt and Pepper Grinder Set,92.0,Congelados,Polygender,54.120.29.29
539,Peach Mango Smoothie,61.96,Salgado,Female,246.54.57.73
540,Slim Wallet,94.12,Salgado,Female,160.138.180.226
541,Stylish Wide-Leg Trousers,98.21,Combos. Saudáveis,Female,212.141.196.6
542,Digital Food Scale,30.53,Doce,Female,119.90.138.51
543,Vegetable Potstickers,94.82,Salgado,Male,193.100.57.39
544,Greek Yogurt Parfait,40.78,Doce,Male,248.105.211.61
545,Cinnamon Sugar Tortilla Chips,17.18,Bebida,Male,225.234.157.158
546,Backpack,26.07,Combos. Saudáveis,Male,112.192.189.17
547,Roasted Red Pepper Dip,61.36,Combos. Saudáveis,Female,208.114.228.217
548,Vegetable Fried Rice,82.22,Bebida,Male,78.187.224.67
549,Pasta Maker Machine,74.32,Doce,Male,163.184.202.153
550,Pumpkin Spice Muffins,18.61,Salgado,Female,104.72.103.233
551,Honey Garlic Chicken,69.14,Doce,Male,2.216.21.51
552,Italian Herbal Seasoning,36.48,Bebida,Male,234.125.235.168
553,Mini Air Hockey Table,72.85,Congelados,Female,163.150.36.147
554,Coconut Curry Chicken,99.67,Salgado,Male,49.82.59.84
555,Coconut Cashew Yogurt,31.69,Combos. Saudáveis,Female,231.216.43.242
556,Underwater Camera,27.19,Salgado,Male,157.57.186.12
557,Nut Mix,5.43,Doce,Female,20.55.1.233
558,Sweet Chili Dipping Sauce,16.35,Combos. Saudáveis,Male,223.189.19.141
559,Pineapple Coconut Yogurt,18.96,Bebida,Male,138.243.36.228
560,Handmade Leather Journal,6.0,Doce,Female,154.205.212.199
561,Action Camera,92.52,Combos. Saudáveis,Female,170.254.250.39
562,Cranberry Orange Juice,67.4,Bebida,Male,249.155.170.182
563,Beef Tacos,46.76,Bebida,Female,214.148.58.166
564,Thai Red Curry Paste,87.75,Doce,Male,43.198.63.110
565,Greek Feta Cheese,56.17,Doce,Female,34.229.99.171
566,Adjustable Dumbbells,99.84,Doce,Female,47.47.146.254
567,Multi-Purpose Plant Care Tool,27.58,Bebida,Male,71.83.152.34
568,Biodegradable Phone Case,35.6,Doce,Non-binary,43.36.27.189
569,Whole Wheat Bread,50.13,Combos. Saudáveis,Male,0.125.36.214
570,Streaming Device,27.56,Congelados,Agender,138.84.75.60
571,Sculpting Kit,5.21,Salgado,Female,52.101.252.137
572,Window Bird Feeder with Suction Cups,32.67,Combos. Saudáveis,Bigender,162.64.153.205
573,Smart Plant Monitor,19.06,Combos. Saudáveis,Female,125.155.250.75
574,Vegetable Curry,62.86,Combos. Saudáveis,Female,74.238.77.249
575,Savory Pumpkin Soup,69.65,Congelados,Male,13.206.219.238
576,Jennifer's Amazing Lip Balm Kit,7.58,Combos. Saudáveis,Female,215.2.176.133
577,Eggs (dozen),56.63,Combos. Saudáveis,Male,43.35.125.206
578,V-Neck Sweater,29.66,Doce,Female,59.63.129.136
579,Organic Cereal Bars,46.87,Combos. Saudáveis,Female,225.48.98.142
580,Roasted Garlic Butter,70.73,Congelados,Female,109.160.252.144
581,Zucchini Noodle Pasta,32.55,Congelados,Male,66.66.182.194
582,Banana Nut Muffins,9.01,Bebida,Female,152.39.31.94
583,Cranberry Juice,80.73,Combos. Saudáveis,Female,176.11.29.32
584,Soft Plush Throw Blanket,47.34,Salgado,Female,86.220.200.221
585,Black Bean Soup,92.59,Doce,Female,92.100.113.20
586,Chocolate Chip Muffins,49.25,Salgado,Agender,156.14.217.234
587,Portable Campfire,57.92,Bebida,Male,158.53.239.100
588,Vegetarian Stir Fry Sauce,61.19,Combos. Saudáveis,Non-binary,221.176.240.28
589,Spicy Roasted Nuts,93.22,Salgado,Female,123.122.211.93
590,Wireless Gaming Mouse,27.16,Salgado,Female,13.4.28.187
591,Fitness Resistance Bands Set,38.27,Bebida,Non-binary,40.193.68.218
592,Nutty Granola Clusters,48.15,Congelados,Male,185.51.235.178
593,Workstation Laptop Stand,97.76,Congelados,Male,61.91.95.113
594,Weighted Jump Rope with Counter,46.19,Salgado,Male,108.233.166.98
595,Essential Oil Roller Bottles,57.13,Combos. Saudáveis,Male,88.55.44.120
596,Vanilla Protein Powder,84.95,Congelados,Male,79.19.228.39
597,Sweet Chili Sauce,5.34,Congelados,Female,130.96.200.242
598,Biodegradable Trash Bags,99.3,Salgado,Female,76.79.129.130
599,Over-The-Door Shoe Organizer,98.52,Congelados,Male,32.173.242.50
600,Interchangeable Watch Bands,61.14,Congelados,Male,112.42.37.108
601,Weighted Blanket for Adults,72.73,Salgado,Male,158.227.164.127
602,Vacuum Sealer Machine,16.63,Salgado,Male,77.149.43.87
603,Chocolate Raspberry Tart,17.49,Bebida,Female,91.233.199.148
604,Memory Card,61.48,Salgado,Male,172.14.29.166
605,Radish Chips,44.01,Salgado,Female,249.163.189.189
606,Portable Laptop Table,17.9,Salgado,Female,140.228.165.30
607,Lightweight Workout Tank,88.95,Congelados,Genderqueer,126.125.116.180
608,Ramen Noodle Soup Cups,18.45,Salgado,Female,64.208.200.129
609,Desk Organizer Set,32.29,Congelados,Male,102.215.231.146
610,Safety Pin Dispenser,99.68,Doce,Male,221.0.195.53
611,Spicy Thai Chili Sauce,93.2,Congelados,Male,180.84.229.67
612,Portable Folding Picnic Table,35.17,Bebida,Female,162.220.19.208
613,Wall-Mounted Bookshelf,51.68,Doce,Male,49.158.57.62
614,Eco-Friendly Yoga Blocks,34.28,Congelados,Male,177.62.48.4
615,Gardening Fairy Figurines,75.22,Combos. Saudáveis,Male,115.57.240.154
616,Compact Shoe Rack,49.73,Doce,Female,152.87.85.175
617,Salsa,90.03,Doce,Female,158.48.27.240
618,Vegetable Fried Rice Mix,47.8,Congelados,Female,212.82.123.255
619,Chipotle Seasoning Blend,55.19,Salgado,Genderqueer,50.71.192.137
620,Miso Soup Starter,22.5,Bebida,Male,233.152.235.129
621,Balsamic Fig Dressing,40.06,Doce,Male,31.43.94.123
622,Honey Garlic Sauce,14.66,Doce,Male,146.187.150.13
623,Maxi Wrap Dress,74.15,Doce,Female,201.161.153.67
624,Over-the-Door Shoe Organizer,75.0,Salgado,Male,238.44.198.0
625,Kids' Gardening Tools Set,94.36,Salgado,Female,98.157.9.72
626,Lemon Pepper Seasoning,61.4,Salgado,Female,61.162.167.155
627,Cinnamon Roll Protein Bar,33.42,Bebida,Male,187.198.150.158
628,Wrist Support Brace,85.95,Congelados,Female,79.93.172.220
629,Compact Hair Dryer,70.46,Combos. Saudáveis,Female,171.68.1.247
630,Noise Cancelling Ear Muffs,72.37,Salgado,Male,217.170.90.66
631,Shredded Cheese,54.48,Congelados,Female,112.173.245.67
632,Electric Stir Fry Pan,14.75,Congelados,Female,106.49.10.42
633,Mango Chili Salsa,46.81,Salgado,Female,114.229.152.135
634,Herbed Mushroom Risotto,81.37,Congelados,Female,203.194.73.74
635,Travel Pillow with Memory Foam,39.53,Combos. Saudáveis,Male,68.246.156.28
636,Ultra-Thin Laptop Sleeve,24.96,Combos. Saudáveis,Bigender,196.80.144.27
637,Crispy Tofu Bites,6.28,Salgado,Male,159.184.35.131
638,Wireless HDMI Transmitter,9.38,Combos. Saudáveis,Male,111.53.138.100
639,Camera Tripod,29.54,Bebida,Male,216.38.28.154
640,Honey,37.21,Salgado,Male,215.43.71.120
641,Truffle Parmesan Fries,94.16,Salgado,Female,247.167.157.89
642,Ice Pack,70.59,Bebida,Male,137.188.203.137
643,Sliced Cheese,56.83,Salgado,Male,249.84.24.41
644,Dark Chocolate Covered Raisins,47.76,Doce,Genderfluid,194.134.224.253
645,Rain Jacket,68.71,Salgado,Female,100.231.31.154
646,Classic Caesar Salad Kit,9.65,Doce,Male,13.173.85.86
647,Portable Jump Starter,53.94,Combos. Saudáveis,Female,250.12.250.2
648,Mediterranean Chickpea Salad,30.5,Doce,Female,105.215.78.121
649,Rice Cakes,6.55,Congelados,Male,228.66.56.131
650,Microfiber Cleaning Cloth Set,11.66,Salgado,Female,207.191.41.3
651,Sporty Slide Sandals,72.64,Salgado,Male,105.110.90.251
652,Fashionable Fanny Pack,96.63,Bebida,Male,110.228.25.149
653,Bamboo Utensil Holder,27.89,Congelados,Male,114.222.226.121
654,Sustainable Wooden Toys,82.91,Doce,Female,34.38.233.231
655,Quality Chef Apron,30.69,Doce,Genderqueer,161.168.57.255
656,Tuna Fish (canned),88.24,Congelados,Male,76.30.166.74
657,Greek Yogurt,98.12,Congelados,Bigender,88.17.71.249
658,Portable Bluetooth Headphones,29.95,Combos. Saudáveis,Male,233.176.245.199
659,Multifunctional Baby Bottle Warmer,72.32,Congelados,Female,1.167.32.35
660,Spicy Tuna Salad,9.52,Bebida,Male,12.207.162.232
661,Garam Masala Spice Blend,96.81,Bebida,Male,144.42.214.123
662,Sweet Potato & Kale Hash,40.23,Bebida,Genderqueer,234.76.1.136
663,Frozen Vegetarian Pizza,53.35,Combos. Saudáveis,Male,183.47.238.38
664,Cable Knit Cardigan,99.76,Combos. Saudáveis,Male,232.133.36.228
665,Peach Slices in Syrup,42.4,Doce,Male,157.196.7.93
666,Spicy Snack Mix,5.14,Salgado,Male,250.153.45.187
667,Adjustable Standing Desk,43.75,Bebida,Female,195.80.168.73
668,Interchangeable Watch Bands,43.5,Congelados,Female,43.149.1.58
669,Cinnamon Rolls,83.27,Salgado,Female,92.213.10.153
670,Set of Gardening Gloves with Claws,10.16,Congelados,Male,53.176.201.105
671,Coconut Cream Pie Mix,37.18,Doce,Female,70.56.116.159
672,Classic Black Dress,64.57,Salgado,Male,188.179.6.41
673,Compost Bin,48.02,Combos. Saudáveis,Female,40.39.166.195
674,Hot Salsa,30.44,Bebida,Male,181.127.72.110
675,Maple Glazed Carrots,88.56,Doce,Male,229.24.144.50
676,Insulated Wine Tote,97.87,Congelados,Male,65.104.180.19
677,Maple Bacon Jerky,92.09,Bebida,Genderfluid,15.114.127.235
678,Classic BBQ Sauce,6.49,Doce,Male,25.53.190.142
679,Slingback Sandals,92.89,Salgado,Male,70.158.245.139
680,Emergency Preparedness Kit,99.04,Combos. Saudáveis,Female,109.9.234.129
681,Underwater Camera,58.86,Congelados,Female,227.5.63.115
682,Mesh Laundry Bags Set,72.03,Salgado,Female,246.31.191.124
683,Lemonade Mix,84.85,Combos. Saudáveis,Male,183.176.44.223
684,Spicy Tuna Sushi Kit,99.06,Combos. Saudáveis,Male,80.14.46.243
685,Cable Knit Beanie,65.5,Doce,Female,114.209.69.162
686,Infrared Thermometer Gun,49.92,Bebida,Female,21.50.117.35
687,Fitness Tracker with Heart Rate Monitor,91.97,Combos. Saudáveis,Male,195.121.68.216
688,3D Night Light,60.42,Congelados,Male,134.255.42.97
689,Grilled Vegetable Medley,41.82,Congelados,Male,233.43.97.191
690,Stuffed Grape Leaves,27.26,Combos. Saudáveis,Female,163.73.86.5
691,Electric Razor,94.87,Congelados,Female,94.141.164.89
692,Coconut Chips,33.41,Doce,Male,143.49.22.25
693,Pet Water Fountain with Filtration,44.03,Combos. Saudáveis,Female,111.205.18.103
694,Art Supplies Organizer,70.22,Combos. Saudáveis,Male,162.174.205.203
695,Smart Home Hub,44.85,Combos. Saudáveis,Male,87.178.84.103
696,Savory Snack Mix,95.62,Combos. Saudáveis,Male,84.160.101.83
697,Kitchen Knife Sharpening System,55.06,Doce,Female,46.35.199.60
698,Collapsible Water Bottle,24.45,Bebida,Male,145.173.124.242
699,Vegetable Potstickers,90.42,Bebida,Male,146.79.157.141
700,Feta Cheese Crumbles,24.94,Salgado,Polygender,98.215.150.156
701,Greek Yogurt Parfait,88.43,Combos. Saudáveis,Male,139.213.80.25
702,Almond Flour Cookies,6.26,Congelados,Male,105.144.182.97
703,Cocktail Shaker and Mixing Glass Set,95.62,Doce,Male,220.183.105.62
704,Comfy Slippers,77.17,Combos. Saudáveis,Male,131.116.60.182
705,Pet Travel Backpack Carrier,81.21,Congelados,Male,78.90.238.179
706,Tactical Backpack,10.95,Congelados,Female,14.162.21.30
707,Personal Blender with Travel Lid,49.46,Salgado,Female,240.158.246.12
708,Interactive Robot Toy,68.94,Doce,Female,245.114.141.111
709,Honey Almond Granola Bars,59.15,Doce,Female,176.106.61.188
710,Dried Apricots,6.64,Congelados,Female,8.107.95.138
711,Self-Adhesive Wallpaper,7.69,Doce,Female,226.140.112.76
712,Poppy Seed Dressing,35.84,Doce,Male,80.147.8.18
713,Vegan Alfredo Sauce,21.11,Salgado,Male,161.247.74.36
714,Beef Stew Meat,97.5,Bebida,Female,138.45.165.137
715,Manual Coffee Grinder,95.18,Bebida,Female,180.86.27.125
716,Basil Lemonade,26.7,Congelados,Female,60.5.55.181
717,LED Disco Ball Light,87.12,Doce,Male,129.64.53.33
718,Bock Beer Mustard,50.97,Combos. Saudáveis,Female,117.116.230.59
719,Almond Flour Tortillas,91.9,Bebida,Female,202.31.231.107
720,Fitness Mat,36.02,Combos. Saudáveis,Male,142.17.80.106
721,Pet Travel Backpack Carrier,46.96,Bebida,Bigender,218.80.30.119
722,Portable Solar Path Lights,72.3,Congelados,Female,22.146.10.76
723,Lasagna Noodles,8.48,Doce,Female,147.205.140.60
724,V-Neck Sweater,35.83,Bebida,Male,147.226.147.110
725,Mini Indoor Hydroponic Garden,28.63,Combos. Saudáveis,Female,71.16.150.132
726,Thermostatic Shower Valve Kit,22.85,Salgado,Female,20.78.140.74
727,Classic Leather Wallet,85.78,Doce,Female,123.239.34.210
728,Ginger Turmeric Tea,62.17,Bebida,Male,105.210.67.99
729,Harvest Grain Salad,8.86,Salgado,Female,47.145.70.20
730,Electric Opener for Jars and Bottles,65.56,Combos. Saudáveis,Male,196.41.1.149
731,Bamboo Cutting Board Set,42.44,Combos. Saudáveis,Male,104.216.239.100
732,Habanero Hot Sauce,90.29,Congelados,Male,230.142.145.101
733,Foldable Picnic Table,78.52,Congelados,Female,93.61.243.193
734,Cinnamon Sugar Donuts,9.8,Doce,Female,125.90.223.16
735,Almond Flour Brownies,12.92,Congelados,Female,252.52.38.75
736,Sunglasses,83.47,Combos. Saudáveis,Male,171.95.223.6
737,Mini Projector,38.24,Salgado,Male,123.199.207.177
738,Herbed Goat Cheese,68.88,Bebida,Female,125.251.170.157
739,Smart LED Desk Lamp,79.85,Combos. Saudáveis,Male,207.83.229.94
740,Smart LED Light Strip,8.85,Salgado,Male,243.154.159.87
741,Baked Falafel,86.17,Congelados,Male,154.114.181.44
742,Vegetable Spring Rolls,67.22,Bebida,Female,232.8.177.114
743,Foldable Picnic Table,47.23,Congelados,Female,105.192.10.176
744,Kids' Crafting Station,29.92,Salgado,Male,174.111.2.92
745,Savory Snack Mix,26.1,Doce,Bigender,161.102.114.42
746,Yoga Strap,88.56,Bebida,Female,171.137.172.83
747,Cinnamon Ice Cream,9.24,Salgado,Female,88.158.56.205
748,Sweet Chili Sauce,70.44,Congelados,Male,132.102.126.228
749,Garden Vegetable Chips,8.63,Combos. Saudáveis,Female,235.53.103.203
750,Adjustable Dumbbells,73.83,Doce,Male,77.54.152.188
751,Pet Safety Belt for Car,11.06,Bebida,Male,108.239.57.246
752,Thai Red Curry Paste,87.19,Salgado,Female,152.74.155.246
753,Slim Wallet,58.26,Bebida,Bigender,236.161.184.70
754,Almond Quinoa Salad,29.66,Doce,Male,229.196.186.209
755,Cooking Utensil Set,63.95,Bebida,Male,228.186.41.45
756,Spicy Beef Taco Mix,60.64,Bebida,Male,244.99.181.47
757,Chopping Board,12.72,Salgado,Female,2.92.219.176
758,Coconut Almond Granola,19.2,Bebida,Male,56.0.150.237
759,Fresh Strawberries,15.52,Bebida,Female,219.194.73.194
760,Stylish Wireless Earbuds,16.8,Bebida,Female,20.195.192.115
761,Honey Sriracha Chicken Bites,68.25,Congelados,Female,197.84.140.160
762,Electric Wine Opener,88.7,Combos. Saudáveis,Female,48.19.112.23
763,Classic Black Trousers,89.71,Bebida,Male,132.112.104.21
764,Roasted Red Pepper Dip,49.2,Salgado,Female,13.81.206.166
765,Mango Sticky Rice Dessert,22.02,Bebida,Male,131.111.64.190
766,Body Pillow Case,14.74,Salgado,Female,21.135.165.114
767,Fitness Jump Rope with LCD Counter,38.52,Congelados,Male,252.224.229.223
768,Ginger Turmeric Tea,65.0,Salgado,Polygender,133.85.75.24
769,Pet Food Storage Container,87.13,Combos. Saudáveis,Male,38.232.160.23
770,Creamy Avocado Dip,34.33,Combos. Saudáveis,Male,199.150.76.242
771,Smart Thermos,71.0,Combos. Saudáveis,Female,136.191.16.171
772,Blueberry Muffin Mix,89.13,Salgado,Female,166.54.235.226
773,Mushroom Soup (canned),86.51,Salgado,Male,248.157.130.9
774,Knitted Infinity Scarf,6.51,Doce,Male,12.24.48.226
775,Fruit and Nut Bars,52.73,Doce,Female,44.173.100.18
776,Portable Hammock,89.88,Combos. Saudáveis,Genderqueer,250.53.183.71
777,Honey Roasted Peanuts,95.47,Doce,Male,181.74.39.208
778,Karaoke Microphone,19.87,Combos. Saudáveis,Male,107.149.63.247
779,Stainless Steel Water Pitcher,38.43,Doce,Female,207.82.61.253
780,Electric Heat Pad,26.52,Doce,Female,99.152.77.158
781,Spaghetti and Meatball Dinner Kit,54.31,Salgado,Male,59.138.112.77
782,Gardening Tools Set,29.69,Bebida,Female,147.172.26.93
783,Sunflower Seeds,98.82,Bebida,Male,82.200.91.64
784,Adjustable Garden Rake,31.73,Congelados,Male,138.167.203.205
785,Garlic Parmesan Wings,69.82,Bebida,Female,89.249.135.101
786,Puzzle Game Set,84.92,Doce,Female,45.182.144.107
787,Cabbage Slaw Mix,44.64,Congelados,Male,80.6.25.81
788,Luxury Rolling Makeup Case,20.57,Combos. Saudáveis,Male,23.97.251.159
789,Frozen Mixed Vegetables,80.37,Salgado,Male,48.231.126.64
790,Rechargeable Electric Screwdriver,14.43,Salgado,Female,85.184.31.108
791,Pet Hair Remover,91.63,Bebida,Male,31.194.70.121
792,Lemon Herb Grilled Chicken,91.76,Congelados,Male,186.89.27.35
793,Graphic Sweatshirt,65.35,Congelados,Female,72.176.96.12
794,Juice Extractor,6.68,Doce,Bigender,139.116.114.181
795,Pasta Maker Machine,11.72,Salgado,Male,24.255.177.212
796,Travel Pillow,98.3,Salgado,Bigender,153.174.14.47
797,Dual Function Electric Skillet,99.52,Salgado,Male,240.183.163.169
798,Baked Mac and Cheese,23.78,Doce,Female,197.72.241.36
799,Pumpkin Ice Cream,96.64,Combos. Saudáveis,Male,92.206.222.206
800,Travel Luggage Scale,35.58,Doce,Male,190.11.190.136
801,Striped Long Sleeve Shirt,83.55,Salgado,Female,161.52.95.253
802,Spinach and Cheese Quiche,65.72,Congelados,Male,221.39.186.163
803,Rechargeable Hand Warmer,90.48,Bebida,Male,69.19.249.92
804,LED Strip Lights,28.21,Congelados,Male,240.136.2.181
805,Pet Grooming Glove,5.48,Salgado,Male,200.107.99.74
806,Jigsaw Puzzle,90.43,Salgado,Female,126.174.232.18
807,Beef Chili,43.26,Combos. Saudáveis,Female,193.166.56.251
808,Garlic Herb Grilled Chicken,66.92,Bebida,Polygender,63.61.217.210
809,Classic Pumps,26.46,Congelados,Female,74.202.20.233
810,Tomatillo Salsa,47.09,Combos. Saudáveis,Female,93.111.141.7
811,Oven Mitts with Pocket,98.66,Congelados,Non-binary,56.6.201.153
812,Bamboo Cutting Board Set,16.49,Congelados,Female,18.183.91.152
813,Green Tea Matcha Powder,94.81,Bebida,Male,163.93.151.149
814,Garlic Parmesan Wings,53.66,Bebida,Bigender,222.188.71.75
815,Pumpkin Spice Cookies,97.36,Congelados,Male,145.170.6.111
816,Pet Bed with Removable Cover,93.34,Combos. Saudáveis,Female,99.161.145.168
817,Biodegradable Dog Waste Bags,99.11,Doce,Non-binary,47.75.48.242
818,Ground Cinnamon,27.92,Congelados,Genderqueer,99.105.210.232
819,Asian Salad Mix,20.54,Salgado,Male,108.118.188.155
820,Ground Cinnamon,43.83,Doce,Bigender,78.210.231.208
821,Smart Scale,84.93,Combos. Saudáveis,Female,241.91.102.27
822,Lemon Herb Chicken,51.99,Combos. Saudáveis,Male,91.68.169.225
823,Creamy Ranch Dressing,40.02,Congelados,Male,12.81.160.251
824,Lemon Dill Chicken Skewers,54.68,Bebida,Male,226.21.66.204
825,Canned Sardines,43.83,Bebida,Male,111.111.235.152
826,Wireless Charger Stand,77.68,Congelados,Male,114.36.52.143
827,Vintage Button-Down Shirt,78.08,Bebida,Female,204.194.149.170
828,Electric Nail File Kit,37.19,Doce,Male,208.225.170.197
829,Pet Grooming Brush,18.48,Congelados,Male,40.247.40.177
830,Miso Soup Mix,78.93,Combos. Saudáveis,Male,66.79.10.111
831,Vegetable Lasagna,28.56,Congelados,Female,52.178.188.5
832,Vegan Mayonnaise,14.36,Doce,Female,170.42.191.15
833,Electrolyte Water Bottle,78.32,Salgado,Female,59.220.80.196
834,Tailored Dress Pants,69.93,Congelados,Female,86.15.201.46
835,Organic Coconut Flour,76.06,Salgado,Female,50.113.184.199
836,Pet Camera with Treat Dispenser,93.57,Doce,Male,14.138.89.228
837,Terry Cloth Robe,36.29,Salgado,Genderfluid,191.250.51.174
838,Car Vacuum Cleaner,24.84,Doce,Female,240.199.49.86
839,Smart Home Security Camera,39.6,Salgado,Female,248.98.83.74
840,Knitted Infinity Scarf,78.82,Doce,Female,185.4.142.195
841,Ergonomic Mouse Pad with Wrist Support,46.85,Combos. Saudáveis,Female,130.105.14.134
842,Insulated Cooler,64.7,Bebida,Female,91.170.115.132
843,Herb Drying Rack,66.66,Congelados,Female,200.76.50.198
844,Wall Calendar,45.2,Combos. Saudáveis,Male,106.195.154.146
845,Maple Cinnamon Granola,38.95,Salgado,Male,94.176.132.152
846,Organic Honeycrisp Apples,58.67,Bebida,Female,200.58.82.52
847,Pet Travel Bed,95.6,Salgado,Male,86.119.196.76
848,USB Desk Fan,57.59,Salgado,Male,251.115.251.132
849,Spicy Chicken Wings,49.86,Doce,Female,124.244.183.91
850,Lentils,57.49,Congelados,Female,3.81.191.199
851,Classic BBQ Sauce,35.41,Doce,Genderfluid,207.100.12.248
852,Asian Salad Mix,22.87,Salgado,Male,174.218.235.111
853,Ranch Dressing,37.85,Congelados,Genderqueer,51.133.35.119
854,Sliced Cucumbers,50.82,Bebida,Male,151.116.112.254
855,Crispy Tofu Bites,69.24,Bebida,Female,245.70.167.74
856,Roasted Red Pepper Sauce,64.34,Salgado,Female,141.116.241.206
857,Greek Feta Cheese,29.49,Salgado,Female,204.73.46.98
858,Ginger Snaps,76.04,Combos. Saudáveis,Female,71.85.178.192
859,Sweet Potato Tots,77.37,Salgado,Male,197.26.43.7
860,Instant Mashed Potatoes,58.85,Salgado,Male,59.29.53.18
861,Wine Decanter,64.73,Doce,Male,208.7.63.216
862,Mesh Sports Leggings,25.65,Doce,Male,11.98.150.227
863,Bock Beer Mustard,50.68,Congelados,Female,209.245.234.233
864,Chili Con Carne Mix,78.54,Combos. Saudáveis,Female,40.187.5.240
865,Almond Milk,98.97,Doce,Female,150.39.201.14
866,Vegan chocolate chip cookies,72.6,Salgado,Female,155.5.40.140
867,Pumpkin Spice Latte Mix,90.12,Bebida,Female,9.150.186.245
868,Insulated Sport Tumbler,86.11,Salgado,Female,66.85.95.83
869,Chocolate Mint Cookies,9.49,Doce,Genderfluid,25.9.73.179
870,Habanero Hot Sauce,99.73,Congelados,Agender,160.83.155.144
871,Samsung Galaxy Smartwatch,90.94,Salgado,Male,133.154.193.74
872,Kale Salad Kit,60.81,Doce,Female,235.160.10.222
873,Cinnamon Sugar Donuts,83.71,Salgado,Female,50.193.70.28
874,Compressible Packing Cubes,60.65,Salgado,Male,220.196.143.164
875,Reversible Comforter Set,22.83,Bebida,Male,103.51.179.205
876,High-Low Hem Tee,62.89,Combos. Saudáveis,Female,27.127.113.227
877,Vegetarian Sausage Links,80.7,Salgado,Male,247.235.37.31
878,Ginger Tea,31.95,Congelados,Female,19.223.55.116
879,Berries Medley,79.17,Bebida,Female,157.161.189.254
880,Interchangeable Watch Bands,88.33,Combos. Saudáveis,Female,119.134.235.7
881,Tropical Fruit Bowl,42.09,Combos. Saudáveis,Male,175.61.136.113
882,Garden Vegetable Chips,90.87,Combos. Saudáveis,Female,203.188.170.114
883,Compact Digital Camera,59.04,Salgado,Male,73.54.239.59
884,LED Under Cabinet Lighting,76.91,Salgado,Female,159.14.98.108
885,Personal Blender with Travel Cup,26.95,Congelados,Female,233.14.123.97
886,Peanut Butter Banana Smoothie,96.72,Bebida,Female,65.137.13.251
887,Cucumber,52.59,Salgado,Female,165.182.8.220
888,Eggs (dozen),54.24,Salgado,Female,66.239.207.89
889,Vanilla Pudding Mix,91.56,Congelados,Female,175.117.134.3
890,Pet Carrier,46.81,Combos. Saudáveis,Male,19.109.62.243
891,Yoga Wheel,74.84,Salgado,Female,98.102.250.238
892,Marinated Artichokes,48.67,Salgado,Genderqueer,50.197.234.40
893,Inflatable Party Cooler,11.73,Bebida,Female,201.6.114.76
894,LED Christmas Lights,55.06,Doce,Male,58.37.24.196
895,Fruit and Nut Energy Bites,18.74,Combos. Saudáveis,Male,198.9.37.110
896,Self-Inflating Camping Mattress,27.65,Combos. Saudáveis,Female,78.141.79.202
897,Mixed Nuts,51.28,Doce,Male,62.34.9.73
898,Portable Speakers,98.67,Congelados,Male,62.50.125.94
899,Ginger Turmeric Shots,41.81,Congelados,Male,31.230.105.223
900,Raspberry Limeade,31.23,Doce,Female,138.229.65.2
901,Electric Kettle,28.8,Congelados,Female,134.172.192.32
902,Steak Seasoning Rub,75.51,Combos. Saudáveis,Male,181.196.131.204
903,Hibiscus Herbal Tea,13.0,Congelados,Female,127.249.5.185
904,Peach Fruit Cups,49.28,Bebida,Male,9.120.16.85
905,Chocolate Almond Milk,65.32,Combos. Saudáveis,Male,139.3.108.29
906,Coconut Macaroons,73.49,Doce,Male,254.74.98.74
907,Asian Noodle Salad Kit,71.23,Doce,Female,100.167.237.235
908,Protein Powder,42.93,Bebida,Female,203.224.147.65
909,Indestructible Dog Toy,49.34,Congelados,Male,88.143.149.134
910,Travel Makeup Organizer,88.97,Bebida,Female,90.115.168.225
911,Pet Travel Bed,30.89,Bebida,Male,91.140.198.78
912,Tandoori Chicken Marinade,93.06,Doce,Female,27.253.129.139
913,Window Bird Feeder,27.68,Combos. Saudáveis,Male,15.22.131.179
914,Whisk Set,41.24,Salgado,Female,198.190.18.241
915,Portable Laptop Table,62.39,Bebida,Male,120.162.252.102
916,Wine Glasses,41.69,Congelados,Female,125.41.230.141
917,Travel Jewelry Organizer,48.79,Bebida,Female,179.82.230.179
918,Electric Screwdriver,87.69,Bebida,Male,92.26.51.232
919,Smart Thermostat with Wi-Fi,44.36,Congelados,Male,165.245.169.150
920,Laptop Sleeve,20.44,Combos. Saudáveis,Bigender,225.11.26.84
921,Acoustic Guitar,87.99,Doce,Female,227.163.191.132
922,Bluetooth Shower Speaker,87.39,Bebida,Male,165.226.135.24
923,Organic Lentil Soup,66.06,Congelados,Female,158.137.22.37
924,Wall-Mounted Spice Rack,29.91,Salgado,Male,238.203.44.113
925,Electric Griddle with Removable Plates,68.38,Doce,Male,178.239.83.255
926,Pressure Cooker,43.84,Salgado,Female,113.126.116.74
927,Adjustable Bar Stools,68.95,Bebida,Female,175.33.134.213
928,Sriracha Chili Sauce,9.02,Salgado,Male,31.67.200.250
929,Tandoori Chicken Marinade,88.63,Bebida,Female,61.212.21.56
930,Foldable Picnic Table,81.47,Doce,Female,218.2.231.226
931,Apple Sauce,41.54,Congelados,Male,27.164.18.134
932,Crew Neck Sweater,27.78,Salgado,Female,183.222.253.8
933,Cordless Water Flosser,18.62,Salgado,Male,213.159.46.22
934,Peach Halves (canned),58.27,Bebida,Male,2.34.132.196
935,Silicone Wine Glasses,35.38,Combos. Saudáveis,Male,193.124.96.151
936,Gluten-Free Bread,99.26,Doce,Female,175.58.242.89
937,Spicy Garlic Edamame,90.43,Combos. Saudáveis,Female,219.47.8.121
938,Spicy Avocado Salsa,13.68,Combos. Saudáveis,Female,191.206.235.131
939,White Rice,5.14,Combos. Saudáveis,Female,50.125.218.124
940,Decorative Wall Tapestry,90.89,Congelados,Female,243.156.102.147
941,Cheese Stuffed Jalapenos,56.64,Doce,Male,42.231.175.129
942,Compact Umbrella,23.31,Doce,Male,236.28.234.13
943,Sporty Leggings,98.65,Salgado,Female,204.81.198.146
944,Sunflower Seeds,49.55,Bebida,Female,225.50.153.220
945,Potting Soil,24.76,Congelados,Female,61.130.79.77
946,Outdoor Adventure Backpack,16.8,Combos. Saudáveis,Male,44.255.92.66
947,Digital Alarm Clock,69.63,Combos. Saudáveis,Male,23.38.48.82
948,Handmade Leather Journal,61.63,Bebida,Female,239.217.117.254
949,Fettuccine Alfredo Dinner Kit,73.13,Doce,Agender,23.141.176.19
950,Herb Seasoned Couscous,77.86,Combos. Saudáveis,Male,152.59.241.113
951,Microwave Popcorn Maker,40.28,Combos. Saudáveis,Female,114.204.124.121
952,Self-Watering Planters,76.5,Bebida,Genderqueer,206.180.147.165
953,Kettle Chip Variety Pack,48.56,Salgado,Male,130.45.158.92
954,Active Racerback Tank,19.21,Bebida,Female,43.15.137.125
955,Mediterranean Couscous,98.56,Salgado,Female,136.253.70.169
956,Wooden Kitchen Utensil Set,85.71,Congelados,Male,115.31.36.102
957,Portable Folding Picnic Table,34.52,Bebida,Male,17.186.120.56
958,Portable Folding Picnic Table,84.05,Salgado,Female,53.158.71.226
959,Peach Green Tea,15.45,Congelados,Agender,22.20.213.13
960,Ginger Tea,85.99,Combos. Saudáveis,Male,132.97.17.61
961,Adjustable Dog Harness,52.68,Combos. Saudáveis,Male,38.251.241.245
962,Children's Art Set,64.28,Doce,Female,74.190.103.197
963,Knitted Infinity Scarf,43.43,Combos. Saudáveis,Female,57.206.104.209
964,Compact Dishwasher,45.83,Combos. Saudáveis,Female,149.85.109.193
965,Veggie Chips Variety Pack,26.49,Doce,Male,39.135.74.253
966,Cereal Dispenser with Portion Control,20.38,Doce,Male,87.120.93.48
967,Fresh Cilantro,27.83,Doce,Male,18.69.141.17
968,Blueberry Oatmeal Cups,43.41,Bebida,Male,35.91.29.177
969,Lightweight Workout Tank,38.04,Salgado,Male,66.15.215.183
970,Black Olives,64.73,Combos. Saudáveis,Male,102.168.118.192
971,Bluetooth Headphones,28.91,Bebida,Male,225.226.193.61
972,Honey Glazed Carrots,29.19,Combos. Saudáveis,Female,51.28.227.164
973,Garlic Parmesan Wings,37.99,Combos. Saudáveis,Non-binary,105.183.122.198
974,Striped Long Sleeve Shirt,38.48,Bebida,Male,230.108.11.203
975,Electric Heating Pad,53.26,Congelados,Female,15.92.198.80
976,Noise Reduction Headphones,66.19,Salgado,Male,240.0.35.215
977,Marinara Parmesan Baked Ziti,98.77,Bebida,Female,0.102.213.174
978,Cheddar Cheese Slices,76.68,Combos. Saudáveis,Genderqueer,203.222.191.150
979,Glass Water Bottle,5.61,Salgado,Female,174.252.34.223
980,Dark Chocolate Covered Pretzels,61.39,Congelados,Male,45.14.52.236
981,Tuscan Bean Soup,8.49,Congelados,Male,104.220.38.94
982,Portable Speakers,91.64,Salgado,Female,108.121.163.42
983,Magic Color-Changing Mug,84.28,Combos. Saudáveis,Female,158.18.114.205
984,Couscous,35.82,Bebida,Male,59.29.212.106
985,Inspirational Wall Art,89.04,Combos. Saudáveis,Agender,166.132.124.230
986,Cabbage Slaw Mix,16.88,Combos. Saudáveis,Male,77.48.16.144
987,Maple Chipotle Glaze,83.46,Doce,Female,143.245.89.123
988,Dog Collar,16.35,Combos. Saudáveis,Male,229.112.215.200
989,Cinnamon Roll Dough,13.36,Congelados,Male,201.162.79.48
990,Decorative LED Neon Sign,85.98,Combos. Saudáveis,Male,210.69.204.181
991,Teriyaki Beef Strips,37.81,Salgado,Male,218.47.159.124
992,Educational STEM Kit,99.51,Salgado,Male,126.157.35.27
993,Decorative Throw Pillows,17.25,Bebida,Female,194.48.19.100
994,Granola Bars,18.4,Doce,Male,232.9.30.123
995,Foldable Yoga Mat,96.39,Salgado,Male,53.135.223.233
996,Arcade Game Machine,87.04,Combos. Saudáveis,Female,103.56.32.239
997,Cinnamon Ice Cream,97.69,Congelados,Male,239.13.233.216
998,Crispy Chickpeas,37.49,Congelados,Genderfluid,200.227.236.35
999,Pet Hair Removal Roller,37.55,Combos. Saudáveis,Female,96.79.62.29
1000,Red Lentils,29.55,Salgado,Male,86.6.244.138